zone_id,grid_row,grid_col,land_use
0,0,0,green
1,0,1,industrial
2,0,2,residential
3,0,3,green
4,0,4,industrial
5,0,5,residential
6,0,6,residential
7,0,7,residential
8,0,8,urban
9,0,9,urban
10,0,10,green
11,0,11,residential
12,0,12,green
13,0,13,industrial
14,0,14,urban
15,0,15,industrial
16,0,16,urban
17,0,17,industrial
18,0,18,urban
19,0,19,green
20,0,20,industrial
21,0,21,industrial
22,0,22,urban
23,0,23,industrial
24,0,24,residential
25,0,25,industrial
26,0,26,green
27,0,27,residential
28,0,28,residential
29,0,29,green
30,0,30,industrial
31,0,31,urban
32,0,32,green
33,0,33,urban
34,0,34,green
35,0,35,urban
36,0,36,green
37,0,37,green
38,0,38,industrial
39,0,39,urban
40,0,40,industrial
41,0,41,urban
42,0,42,industrial
43,0,43,urban
44,0,44,residential
45,0,45,urban
46,0,46,industrial
47,0,47,urban
48,0,48,green
49,0,49,industrial
50,1,0,urban
51,1,1,industrial
52,1,2,green
53,1,3,industrial
54,1,4,industrial
55,1,5,urban
56,1,6,green
57,1,7,residential
58,1,8,residential
59,1,9,industrial
60,1,10,urban
61,1,11,industrial
62,1,12,industrial
63,1,13,green
64,1,14,residential
65,1,15,industrial
66,1,16,industrial
67,1,17,industrial
68,1,18,green
69,1,19,green
70,1,20,urban
71,1,21,green
72,1,22,green
73,1,23,industrial
74,1,24,green
75,1,25,urban
76,1,26,industrial
77,1,27,urban
78,1,28,residential
79,1,29,residential
80,1,30,green
81,1,31,residential
82,1,32,green
83,1,33,industrial
84,1,34,industrial
85,1,35,green
86,1,36,industrial
87,1,37,green
88,1,38,residential
89,1,39,urban
90,1,40,residential
91,1,41,industrial
92,1,42,green
93,1,43,green
94,1,44,urban
95,1,45,urban
96,1,46,industrial
97,1,47,urban
98,1,48,residential
99,1,49,residential
100,2,0,residential
101,2,1,green
102,2,2,green
103,2,3,residential
104,2,4,green
105,2,5,residential
106,2,6,urban
107,2,7,industrial
108,2,8,urban
109,2,9,industrial
110,2,10,urban
111,2,11,residential
112,2,12,residential
113,2,13,green
114,2,14,residential
115,2,15,residential
116,2,16,green
117,2,17,residential
118,2,18,industrial
119,2,19,residential
120,2,20,urban
121,2,21,industrial
122,2,22,industrial
123,2,23,industrial
124,2,24,industrial
125,2,25,green
126,2,26,residential
127,2,27,urban
128,2,28,residential
129,2,29,urban
130,2,30,green
131,2,31,residential
132,2,32,residential
133,2,33,urban
134,2,34,urban
135,2,35,industrial
136,2,36,industrial
137,2,37,residential
138,2,38,residential
139,2,39,residential
140,2,40,residential
141,2,41,urban
142,2,42,industrial
143,2,43,industrial
144,2,44,urban
145,2,45,green
146,2,46,industrial
147,2,47,green
148,2,48,green
149,2,49,industrial
150,3,0,residential
151,3,1,industrial
152,3,2,industrial
153,3,3,green
154,3,4,industrial
155,3,5,industrial
156,3,6,urban
157,3,7,urban
158,3,8,green
159,3,9,residential
160,3,10,residential
161,3,11,residential
162,3,12,residential
163,3,13,green
164,3,14,industrial
165,3,15,urban
166,3,16,green
167,3,17,residential
168,3,18,residential
169,3,19,green
170,3,20,urban
171,3,21,urban
172,3,22,industrial
173,3,23,residential
174,3,24,residential
175,3,25,green
176,3,26,urban
177,3,27,industrial
178,3,28,green
179,3,29,green
180,3,30,urban
181,3,31,green
182,3,32,residential
183,3,33,urban
184,3,34,green
185,3,35,urban
186,3,36,urban
187,3,37,industrial
188,3,38,residential
189,3,39,industrial
190,3,40,green
191,3,41,industrial
192,3,42,urban
193,3,43,residential
194,3,44,urban
195,3,45,residential
196,3,46,residential
197,3,47,residential
198,3,48,urban
199,3,49,urban
200,4,0,urban
201,4,1,urban
202,4,2,industrial
203,4,3,urban
204,4,4,industrial
205,4,5,residential
206,4,6,industrial
207,4,7,urban
208,4,8,green
209,4,9,industrial
210,4,10,green
211,4,11,industrial
212,4,12,urban
213,4,13,green
214,4,14,green
215,4,15,industrial
216,4,16,industrial
217,4,17,green
218,4,18,green
219,4,19,industrial
220,4,20,green
221,4,21,industrial
222,4,22,residential
223,4,23,urban
224,4,24,urban
225,4,25,industrial
226,4,26,green
227,4,27,residential
228,4,28,industrial
229,4,29,urban
230,4,30,industrial
231,4,31,urban
232,4,32,industrial
233,4,33,residential
234,4,34,industrial
235,4,35,residential
236,4,36,green
237,4,37,green
238,4,38,urban
239,4,39,green
240,4,40,urban
241,4,41,industrial
242,4,42,residential
243,4,43,urban
244,4,44,green
245,4,45,green
246,4,46,residential
247,4,47,urban
248,4,48,residential
249,4,49,residential
250,5,0,industrial
251,5,1,green
252,5,2,residential
253,5,3,residential
254,5,4,urban
255,5,5,residential
256,5,6,residential
257,5,7,residential
258,5,8,urban
259,5,9,industrial
260,5,10,urban
261,5,11,green
262,5,12,green
263,5,13,residential
264,5,14,urban
265,5,15,green
266,5,16,industrial
267,5,17,urban
268,5,18,industrial
269,5,19,urban
270,5,20,industrial
271,5,21,residential
272,5,22,industrial
273,5,23,residential
274,5,24,residential
275,5,25,green
276,5,26,residential
277,5,27,green
278,5,28,industrial
279,5,29,residential
280,5,30,urban
281,5,31,industrial
282,5,32,green
283,5,33,residential
284,5,34,residential
285,5,35,industrial
286,5,36,residential
287,5,37,industrial
288,5,38,urban
289,5,39,green
290,5,40,urban
291,5,41,industrial
292,5,42,green
293,5,43,green
294,5,44,green
295,5,45,urban
296,5,46,industrial
297,5,47,residential
298,5,48,residential
299,5,49,industrial
300,6,0,residential
301,6,1,residential
302,6,2,residential
303,6,3,residential
304,6,4,green
305,6,5,residential
306,6,6,urban
307,6,7,urban
308,6,8,green
309,6,9,residential
310,6,10,green
311,6,11,green
312,6,12,residential
313,6,13,residential
314,6,14,green
315,6,15,green
316,6,16,industrial
317,6,17,green
318,6,18,green
319,6,19,urban
320,6,20,residential
321,6,21,green
322,6,22,urban
323,6,23,industrial
324,6,24,industrial
325,6,25,residential
326,6,26,industrial
327,6,27,urban
328,6,28,urban
329,6,29,residential
330,6,30,green
331,6,31,urban
332,6,32,urban
333,6,33,residential
334,6,34,industrial
335,6,35,urban
336,6,36,industrial
337,6,37,residential
338,6,38,industrial
339,6,39,residential
340,6,40,residential
341,6,41,urban
342,6,42,green
343,6,43,urban
344,6,44,industrial
345,6,45,urban
346,6,46,residential
347,6,47,residential
348,6,48,industrial
349,6,49,residential
350,7,0,industrial
351,7,1,residential
352,7,2,industrial
353,7,3,urban
354,7,4,green
355,7,5,urban
356,7,6,green
357,7,7,green
358,7,8,urban
359,7,9,residential
360,7,10,green
361,7,11,industrial
362,7,12,urban
363,7,13,urban
364,7,14,industrial
365,7,15,residential
366,7,16,residential
367,7,17,residential
368,7,18,residential
369,7,19,urban
370,7,20,green
371,7,21,green
372,7,22,urban
373,7,23,urban
374,7,24,green
375,7,25,industrial
376,7,26,urban
377,7,27,residential
378,7,28,industrial
379,7,29,industrial
380,7,30,green
381,7,31,urban
382,7,32,residential
383,7,33,industrial
384,7,34,green
385,7,35,industrial
386,7,36,urban
387,7,37,urban
388,7,38,urban
389,7,39,urban
390,7,40,green
391,7,41,urban
392,7,42,urban
393,7,43,industrial
394,7,44,residential
395,7,45,industrial
396,7,46,industrial
397,7,47,urban
398,7,48,urban
399,7,49,urban
400,8,0,urban
401,8,1,residential
402,8,2,residential
403,8,3,urban
404,8,4,industrial
405,8,5,residential
406,8,6,residential
407,8,7,residential
408,8,8,green
409,8,9,residential
410,8,10,residential
411,8,11,green
412,8,12,industrial
413,8,13,industrial
414,8,14,green
415,8,15,industrial
416,8,16,industrial
417,8,17,residential
418,8,18,green
419,8,19,industrial
420,8,20,residential
421,8,21,urban
422,8,22,urban
423,8,23,industrial
424,8,24,residential
425,8,25,residential
426,8,26,urban
427,8,27,industrial
428,8,28,industrial
429,8,29,industrial
430,8,30,residential
431,8,31,industrial
432,8,32,urban
433,8,33,urban
434,8,34,industrial
435,8,35,green
436,8,36,green
437,8,37,urban
438,8,38,green
439,8,39,residential
440,8,40,green
441,8,41,green
442,8,42,residential
443,8,43,industrial
444,8,44,green
445,8,45,industrial
446,8,46,residential
447,8,47,residential
448,8,48,residential
449,8,49,residential
450,9,0,residential
451,9,1,urban
452,9,2,urban
453,9,3,urban
454,9,4,residential
455,9,5,residential
456,9,6,industrial
457,9,7,green
458,9,8,green
459,9,9,industrial
460,9,10,residential
461,9,11,industrial
462,9,12,green
463,9,13,residential
464,9,14,urban
465,9,15,industrial
466,9,16,industrial
467,9,17,industrial
468,9,18,residential
469,9,19,industrial
470,9,20,urban
471,9,21,green
472,9,22,urban
473,9,23,green
474,9,24,green
475,9,25,industrial
476,9,26,urban
477,9,27,green
478,9,28,industrial
479,9,29,urban
480,9,30,residential
481,9,31,industrial
482,9,32,residential
483,9,33,industrial
484,9,34,industrial
485,9,35,green
486,9,36,residential
487,9,37,urban
488,9,38,urban
489,9,39,green
490,9,40,green
491,9,41,industrial
492,9,42,urban
493,9,43,urban
494,9,44,residential
495,9,45,industrial
496,9,46,urban
497,9,47,urban
498,9,48,residential
499,9,49,urban
500,10,0,green
501,10,1,residential
502,10,2,urban
503,10,3,green
504,10,4,industrial
505,10,5,industrial
506,10,6,urban
507,10,7,industrial
508,10,8,green
509,10,9,industrial
510,10,10,industrial
511,10,11,residential
512,10,12,green
513,10,13,residential
514,10,14,industrial
515,10,15,industrial
516,10,16,green
517,10,17,green
518,10,18,residential
519,10,19,residential
520,10,20,urban
521,10,21,industrial
522,10,22,urban
523,10,23,residential
524,10,24,industrial
525,10,25,green
526,10,26,green
527,10,27,residential
528,10,28,residential
529,10,29,green
530,10,30,industrial
531,10,31,green
532,10,32,urban
533,10,33,residential
534,10,34,green
535,10,35,green
536,10,36,urban
537,10,37,residential
538,10,38,urban
539,10,39,green
540,10,40,green
541,10,41,residential
542,10,42,industrial
543,10,43,urban
544,10,44,green
545,10,45,green
546,10,46,urban
547,10,47,urban
548,10,48,industrial
549,10,49,industrial
550,11,0,urban
551,11,1,green
552,11,2,residential
553,11,3,green
554,11,4,residential
555,11,5,green
556,11,6,residential
557,11,7,green
558,11,8,green
559,11,9,urban
560,11,10,residential
561,11,11,residential
562,11,12,urban
563,11,13,green
564,11,14,green
565,11,15,urban
566,11,16,residential
567,11,17,residential
568,11,18,industrial
569,11,19,green
570,11,20,urban
571,11,21,green
572,11,22,residential
573,11,23,green
574,11,24,urban
575,11,25,industrial
576,11,26,industrial
577,11,27,industrial
578,11,28,industrial
579,11,29,urban
580,11,30,residential
581,11,31,green
582,11,32,green
583,11,33,residential
584,11,34,green
585,11,35,industrial
586,11,36,urban
587,11,37,urban
588,11,38,urban
589,11,39,urban
590,11,40,urban
591,11,41,green
592,11,42,urban
593,11,43,urban
594,11,44,urban
595,11,45,residential
596,11,46,urban
597,11,47,industrial
598,11,48,industrial
599,11,49,urban
600,12,0,residential
601,12,1,industrial
602,12,2,green
603,12,3,urban
604,12,4,green
605,12,5,urban
606,12,6,urban
607,12,7,green
608,12,8,urban
609,12,9,industrial
610,12,10,urban
611,12,11,green
612,12,12,residential
613,12,13,urban
614,12,14,industrial
615,12,15,urban
616,12,16,residential
617,12,17,urban
618,12,18,industrial
619,12,19,industrial
620,12,20,residential
621,12,21,residential
622,12,22,residential
623,12,23,green
624,12,24,industrial
625,12,25,residential
626,12,26,green
627,12,27,industrial
628,12,28,residential
629,12,29,residential
630,12,30,industrial
631,12,31,green
632,12,32,industrial
633,12,33,industrial
634,12,34,residential
635,12,35,residential
636,12,36,industrial
637,12,37,residential
638,12,38,industrial
639,12,39,industrial
640,12,40,urban
641,12,41,industrial
642,12,42,green
643,12,43,industrial
644,12,44,industrial
645,12,45,industrial
646,12,46,urban
647,12,47,industrial
648,12,48,residential
649,12,49,industrial
650,13,0,urban
651,13,1,residential
652,13,2,urban
653,13,3,industrial
654,13,4,urban
655,13,5,green
656,13,6,industrial
657,13,7,residential
658,13,8,residential
659,13,9,urban
660,13,10,industrial
661,13,11,industrial
662,13,12,industrial
663,13,13,urban
664,13,14,urban
665,13,15,green
666,13,16,urban
667,13,17,green
668,13,18,green
669,13,19,residential
670,13,20,industrial
671,13,21,urban
672,13,22,industrial
673,13,23,residential
674,13,24,green
675,13,25,green
676,13,26,residential
677,13,27,green
678,13,28,green
679,13,29,urban
680,13,30,industrial
681,13,31,industrial
682,13,32,green
683,13,33,green
684,13,34,residential
685,13,35,industrial
686,13,36,green
687,13,37,urban
688,13,38,urban
689,13,39,industrial
690,13,40,industrial
691,13,41,residential
692,13,42,green
693,13,43,green
694,13,44,urban
695,13,45,green
696,13,46,residential
697,13,47,residential
698,13,48,residential
699,13,49,industrial
700,14,0,industrial
701,14,1,urban
702,14,2,urban
703,14,3,residential
704,14,4,industrial
705,14,5,industrial
706,14,6,industrial
707,14,7,urban
708,14,8,residential
709,14,9,urban
710,14,10,industrial
711,14,11,urban
712,14,12,green
713,14,13,industrial
714,14,14,residential
715,14,15,industrial
716,14,16,industrial
717,14,17,industrial
718,14,18,residential
719,14,19,urban
720,14,20,residential
721,14,21,green
722,14,22,urban
723,14,23,urban
724,14,24,industrial
725,14,25,green
726,14,26,industrial
727,14,27,industrial
728,14,28,industrial
729,14,29,green
730,14,30,residential
731,14,31,green
732,14,32,industrial
733,14,33,industrial
734,14,34,urban
735,14,35,residential
736,14,36,industrial
737,14,37,residential
738,14,38,green
739,14,39,green
740,14,40,industrial
741,14,41,green
742,14,42,green
743,14,43,industrial
744,14,44,urban
745,14,45,industrial
746,14,46,industrial
747,14,47,green
748,14,48,industrial
749,14,49,industrial
750,15,0,green
751,15,1,residential
752,15,2,green
753,15,3,industrial
754,15,4,residential
755,15,5,industrial
756,15,6,green
757,15,7,green
758,15,8,green
759,15,9,green
760,15,10,green
761,15,11,residential
762,15,12,green
763,15,13,residential
764,15,14,urban
765,15,15,green
766,15,16,green
767,15,17,industrial
768,15,18,industrial
769,15,19,industrial
770,15,20,green
771,15,21,industrial
772,15,22,industrial
773,15,23,green
774,15,24,urban
775,15,25,residential
776,15,26,urban
777,15,27,industrial
778,15,28,residential
779,15,29,green
780,15,30,industrial
781,15,31,urban
782,15,32,residential
783,15,33,residential
784,15,34,green
785,15,35,green
786,15,36,urban
787,15,37,residential
788,15,38,green
789,15,39,residential
790,15,40,industrial
791,15,41,green
792,15,42,industrial
793,15,43,residential
794,15,44,green
795,15,45,residential
796,15,46,industrial
797,15,47,industrial
798,15,48,green
799,15,49,urban
800,16,0,urban
801,16,1,residential
802,16,2,industrial
803,16,3,urban
804,16,4,industrial
805,16,5,urban
806,16,6,industrial
807,16,7,urban
808,16,8,industrial
809,16,9,industrial
810,16,10,urban
811,16,11,urban
812,16,12,urban
813,16,13,urban
814,16,14,green
815,16,15,industrial
816,16,16,industrial
817,16,17,urban
818,16,18,urban
819,16,19,urban
820,16,20,urban
821,16,21,green
822,16,22,industrial
823,16,23,industrial
824,16,24,green
825,16,25,residential
826,16,26,urban
827,16,27,green
828,16,28,green
829,16,29,urban
830,16,30,residential
831,16,31,urban
832,16,32,industrial
833,16,33,urban
834,16,34,residential
835,16,35,green
836,16,36,industrial
837,16,37,green
838,16,38,urban
839,16,39,urban
840,16,40,industrial
841,16,41,industrial
842,16,42,industrial
843,16,43,urban
844,16,44,industrial
845,16,45,urban
846,16,46,urban
847,16,47,urban
848,16,48,urban
849,16,49,residential
850,17,0,residential
851,17,1,green
852,17,2,residential
853,17,3,urban
854,17,4,residential
855,17,5,urban
856,17,6,industrial
857,17,7,green
858,17,8,industrial
859,17,9,green
860,17,10,industrial
861,17,11,green
862,17,12,urban
863,17,13,green
864,17,14,residential
865,17,15,residential
866,17,16,residential
867,17,17,industrial
868,17,18,residential
869,17,19,green
870,17,20,green
871,17,21,industrial
872,17,22,industrial
873,17,23,green
874,17,24,green
875,17,25,industrial
876,17,26,industrial
877,17,27,green
878,17,28,green
879,17,29,residential
880,17,30,urban
881,17,31,industrial
882,17,32,urban
883,17,33,residential
884,17,34,urban
885,17,35,green
886,17,36,industrial
887,17,37,industrial
888,17,38,green
889,17,39,residential
890,17,40,residential
891,17,41,industrial
892,17,42,urban
893,17,43,urban
894,17,44,industrial
895,17,45,industrial
896,17,46,industrial
897,17,47,residential
898,17,48,residential
899,17,49,green
900,18,0,residential
901,18,1,residential
902,18,2,urban
903,18,3,industrial
904,18,4,industrial
905,18,5,urban
906,18,6,residential
907,18,7,urban
908,18,8,residential
909,18,9,residential
910,18,10,green
911,18,11,residential
912,18,12,green
913,18,13,residential
914,18,14,industrial
915,18,15,industrial
916,18,16,green
917,18,17,industrial
918,18,18,urban
919,18,19,urban
920,18,20,residential
921,18,21,green
922,18,22,industrial
923,18,23,green
924,18,24,industrial
925,18,25,urban
926,18,26,green
927,18,27,residential
928,18,28,residential
929,18,29,urban
930,18,30,residential
931,18,31,green
932,18,32,residential
933,18,33,urban
934,18,34,green
935,18,35,urban
936,18,36,residential
937,18,37,residential
938,18,38,green
939,18,39,green
940,18,40,residential
941,18,41,urban
942,18,42,residential
943,18,43,urban
944,18,44,residential
945,18,45,industrial
946,18,46,residential
947,18,47,residential
948,18,48,urban
949,18,49,industrial
950,19,0,urban
951,19,1,urban
952,19,2,green
953,19,3,residential
954,19,4,green
955,19,5,industrial
956,19,6,residential
957,19,7,green
958,19,8,industrial
959,19,9,urban
960,19,10,industrial
961,19,11,industrial
962,19,12,industrial
963,19,13,green
964,19,14,green
965,19,15,industrial
966,19,16,industrial
967,19,17,industrial
968,19,18,urban
969,19,19,industrial
970,19,20,residential
971,19,21,residential
972,19,22,green
973,19,23,industrial
974,19,24,urban
975,19,25,green
976,19,26,urban
977,19,27,urban
978,19,28,industrial
979,19,29,residential
980,19,30,industrial
981,19,31,residential
982,19,32,green
983,19,33,urban
984,19,34,green
985,19,35,residential
986,19,36,urban
987,19,37,industrial
988,19,38,residential
989,19,39,residential
990,19,40,industrial
991,19,41,residential
992,19,42,green
993,19,43,urban
994,19,44,urban
995,19,45,industrial
996,19,46,green
997,19,47,residential
998,19,48,green
999,19,49,residential
1000,20,0,residential
1001,20,1,urban
1002,20,2,industrial
1003,20,3,industrial
1004,20,4,residential
1005,20,5,green
1006,20,6,industrial
1007,20,7,green
1008,20,8,residential
1009,20,9,residential
1010,20,10,green
1011,20,11,urban
1012,20,12,industrial
1013,20,13,residential
1014,20,14,green
1015,20,15,residential
1016,20,16,green
1017,20,17,industrial
1018,20,18,residential
1019,20,19,residential
1020,20,20,residential
1021,20,21,residential
1022,20,22,green
1023,20,23,industrial
1024,20,24,industrial
1025,20,25,urban
1026,20,26,urban
1027,20,27,urban
1028,20,28,residential
1029,20,29,industrial
1030,20,30,urban
1031,20,31,industrial
1032,20,32,residential
1033,20,33,residential
1034,20,34,residential
1035,20,35,green
1036,20,36,urban
1037,20,37,industrial
1038,20,38,industrial
1039,20,39,urban
1040,20,40,industrial
1041,20,41,urban
1042,20,42,green
1043,20,43,residential
1044,20,44,urban
1045,20,45,urban
1046,20,46,residential
1047,20,47,green
1048,20,48,green
1049,20,49,residential
1050,21,0,industrial
1051,21,1,industrial
1052,21,2,industrial
1053,21,3,residential
1054,21,4,industrial
1055,21,5,urban
1056,21,6,urban
1057,21,7,industrial
1058,21,8,industrial
1059,21,9,residential
1060,21,10,residential
1061,21,11,residential
1062,21,12,residential
1063,21,13,green
1064,21,14,residential
1065,21,15,residential
1066,21,16,residential
1067,21,17,residential
1068,21,18,industrial
1069,21,19,residential
1070,21,20,residential
1071,21,21,residential
1072,21,22,green
1073,21,23,urban
1074,21,24,industrial
1075,21,25,industrial
1076,21,26,green
1077,21,27,residential
1078,21,28,residential
1079,21,29,green
1080,21,30,industrial
1081,21,31,green
1082,21,32,residential
1083,21,33,urban
1084,21,34,green
1085,21,35,urban
1086,21,36,residential
1087,21,37,urban
1088,21,38,green
1089,21,39,green
1090,21,40,industrial
1091,21,41,industrial
1092,21,42,green
1093,21,43,residential
1094,21,44,industrial
1095,21,45,residential
1096,21,46,industrial
1097,21,47,urban
1098,21,48,industrial
1099,21,49,urban
1100,22,0,residential
1101,22,1,urban
1102,22,2,urban
1103,22,3,urban
1104,22,4,industrial
1105,22,5,residential
1106,22,6,urban
1107,22,7,green
1108,22,8,urban
1109,22,9,industrial
1110,22,10,urban
1111,22,11,green
1112,22,12,green
1113,22,13,residential
1114,22,14,residential
1115,22,15,green
1116,22,16,industrial
1117,22,17,industrial
1118,22,18,residential
1119,22,19,industrial
1120,22,20,industrial
1121,22,21,residential
1122,22,22,residential
1123,22,23,green
1124,22,24,industrial
1125,22,25,industrial
1126,22,26,urban
1127,22,27,urban
1128,22,28,urban
1129,22,29,green
1130,22,30,green
1131,22,31,urban
1132,22,32,residential
1133,22,33,urban
1134,22,34,industrial
1135,22,35,urban
1136,22,36,industrial
1137,22,37,green
1138,22,38,urban
1139,22,39,urban
1140,22,40,residential
1141,22,41,residential
1142,22,42,industrial
1143,22,43,urban
1144,22,44,industrial
1145,22,45,urban
1146,22,46,urban
1147,22,47,green
1148,22,48,green
1149,22,49,residential
1150,23,0,green
1151,23,1,residential
1152,23,2,industrial
1153,23,3,urban
1154,23,4,residential
1155,23,5,industrial
1156,23,6,residential
1157,23,7,residential
1158,23,8,urban
1159,23,9,industrial
1160,23,10,green
1161,23,11,green
1162,23,12,urban
1163,23,13,green
1164,23,14,industrial
1165,23,15,residential
1166,23,16,industrial
1167,23,17,urban
1168,23,18,urban
1169,23,19,urban
1170,23,20,residential
1171,23,21,green
1172,23,22,industrial
1173,23,23,urban
1174,23,24,urban
1175,23,25,industrial
1176,23,26,green
1177,23,27,urban
1178,23,28,green
1179,23,29,green
1180,23,30,green
1181,23,31,residential
1182,23,32,residential
1183,23,33,industrial
1184,23,34,residential
1185,23,35,urban
1186,23,36,residential
1187,23,37,green
1188,23,38,residential
1189,23,39,residential
1190,23,40,green
1191,23,41,industrial
1192,23,42,residential
1193,23,43,residential
1194,23,44,green
1195,23,45,industrial
1196,23,46,industrial
1197,23,47,residential
1198,23,48,green
1199,23,49,industrial
1200,24,0,urban
1201,24,1,urban
1202,24,2,industrial
1203,24,3,industrial
1204,24,4,residential
1205,24,5,urban
1206,24,6,green
1207,24,7,residential
1208,24,8,green
1209,24,9,urban
1210,24,10,green
1211,24,11,urban
1212,24,12,green
1213,24,13,industrial
1214,24,14,industrial
1215,24,15,residential
1216,24,16,residential
1217,24,17,industrial
1218,24,18,green
1219,24,19,industrial
1220,24,20,green
1221,24,21,urban
1222,24,22,industrial
1223,24,23,industrial
1224,24,24,industrial
1225,24,25,green
1226,24,26,green
1227,24,27,industrial
1228,24,28,green
1229,24,29,green
1230,24,30,residential
1231,24,31,urban
1232,24,32,industrial
1233,24,33,urban
1234,24,34,residential
1235,24,35,residential
1236,24,36,urban
1237,24,37,residential
1238,24,38,residential
1239,24,39,urban
1240,24,40,green
1241,24,41,industrial
1242,24,42,industrial
1243,24,43,residential
1244,24,44,residential
1245,24,45,industrial
1246,24,46,industrial
1247,24,47,green
1248,24,48,urban
1249,24,49,green
1250,25,0,green
1251,25,1,urban
1252,25,2,residential
1253,25,3,green
1254,25,4,green
1255,25,5,green
1256,25,6,residential
1257,25,7,industrial
1258,25,8,residential
1259,25,9,green
1260,25,10,residential
1261,25,11,urban
1262,25,12,industrial
1263,25,13,urban
1264,25,14,green
1265,25,15,green
1266,25,16,green
1267,25,17,residential
1268,25,18,residential
1269,25,19,industrial
1270,25,20,urban
1271,25,21,urban
1272,25,22,industrial
1273,25,23,green
1274,25,24,industrial
1275,25,25,industrial
1276,25,26,urban
1277,25,27,residential
1278,25,28,industrial
1279,25,29,industrial
1280,25,30,green
1281,25,31,urban
1282,25,32,green
1283,25,33,urban
1284,25,34,industrial
1285,25,35,urban
1286,25,36,industrial
1287,25,37,residential
1288,25,38,industrial
1289,25,39,green
1290,25,40,green
1291,25,41,urban
1292,25,42,industrial
1293,25,43,industrial
1294,25,44,urban
1295,25,45,industrial
1296,25,46,industrial
1297,25,47,green
1298,25,48,industrial
1299,25,49,urban
1300,26,0,urban
1301,26,1,industrial
1302,26,2,residential
1303,26,3,industrial
1304,26,4,industrial
1305,26,5,residential
1306,26,6,industrial
1307,26,7,green
1308,26,8,green
1309,26,9,green
1310,26,10,residential
1311,26,11,industrial
1312,26,12,industrial
1313,26,13,industrial
1314,26,14,urban
1315,26,15,urban
1316,26,16,residential
1317,26,17,green
1318,26,18,residential
1319,26,19,urban
1320,26,20,green
1321,26,21,green
1322,26,22,industrial
1323,26,23,green
1324,26,24,residential
1325,26,25,industrial
1326,26,26,urban
1327,26,27,urban
1328,26,28,urban
1329,26,29,green
1330,26,30,green
1331,26,31,urban
1332,26,32,urban
1333,26,33,industrial
1334,26,34,green
1335,26,35,urban
1336,26,36,urban
1337,26,37,green
1338,26,38,industrial
1339,26,39,industrial
1340,26,40,industrial
1341,26,41,industrial
1342,26,42,residential
1343,26,43,industrial
1344,26,44,residential
1345,26,45,residential
1346,26,46,residential
1347,26,47,industrial
1348,26,48,green
1349,26,49,urban
1350,27,0,urban
1351,27,1,industrial
1352,27,2,industrial
1353,27,3,residential
1354,27,4,industrial
1355,27,5,green
1356,27,6,industrial
1357,27,7,urban
1358,27,8,green
1359,27,9,industrial
1360,27,10,industrial
1361,27,11,green
1362,27,12,urban
1363,27,13,residential
1364,27,14,urban
1365,27,15,green
1366,27,16,green
1367,27,17,industrial
1368,27,18,green
1369,27,19,industrial
1370,27,20,green
1371,27,21,residential
1372,27,22,green
1373,27,23,urban
1374,27,24,green
1375,27,25,green
1376,27,26,green
1377,27,27,green
1378,27,28,green
1379,27,29,industrial
1380,27,30,green
1381,27,31,residential
1382,27,32,industrial
1383,27,33,urban
1384,27,34,residential
1385,27,35,industrial
1386,27,36,green
1387,27,37,residential
1388,27,38,urban
1389,27,39,green
1390,27,40,green
1391,27,41,urban
1392,27,42,residential
1393,27,43,industrial
1394,27,44,green
1395,27,45,residential
1396,27,46,residential
1397,27,47,urban
1398,27,48,industrial
1399,27,49,urban
1400,28,0,industrial
1401,28,1,urban
1402,28,2,residential
1403,28,3,residential
1404,28,4,green
1405,28,5,urban
1406,28,6,residential
1407,28,7,green
1408,28,8,urban
1409,28,9,urban
1410,28,10,urban
1411,28,11,residential
1412,28,12,green
1413,28,13,industrial
1414,28,14,green
1415,28,15,urban
1416,28,16,residential
1417,28,17,residential
1418,28,18,green
1419,28,19,urban
1420,28,20,green
1421,28,21,residential
1422,28,22,industrial
1423,28,23,residential
1424,28,24,green
1425,28,25,residential
1426,28,26,urban
1427,28,27,urban
1428,28,28,residential
1429,28,29,urban
1430,28,30,industrial
1431,28,31,green
1432,28,32,industrial
1433,28,33,green
1434,28,34,residential
1435,28,35,industrial
1436,28,36,green
1437,28,37,green
1438,28,38,green
1439,28,39,green
1440,28,40,urban
1441,28,41,urban
1442,28,42,residential
1443,28,43,urban
1444,28,44,urban
1445,28,45,residential
1446,28,46,green
1447,28,47,industrial
1448,28,48,industrial
1449,28,49,industrial
1450,29,0,green
1451,29,1,urban
1452,29,2,green
1453,29,3,urban
1454,29,4,industrial
1455,29,5,residential
1456,29,6,green
1457,29,7,residential
1458,29,8,urban
1459,29,9,urban
1460,29,10,residential
1461,29,11,urban
1462,29,12,residential
1463,29,13,residential
1464,29,14,urban
1465,29,15,residential
1466,29,16,industrial
1467,29,17,residential
1468,29,18,urban
1469,29,19,residential
1470,29,20,urban
1471,29,21,urban
1472,29,22,residential
1473,29,23,residential
1474,29,24,urban
1475,29,25,green
1476,29,26,residential
1477,29,27,green
1478,29,28,industrial
1479,29,29,residential
1480,29,30,green
1481,29,31,industrial
1482,29,32,residential
1483,29,33,residential
1484,29,34,green
1485,29,35,industrial
1486,29,36,residential
1487,29,37,industrial
1488,29,38,industrial
1489,29,39,green
1490,29,40,residential
1491,29,41,industrial
1492,29,42,green
1493,29,43,urban
1494,29,44,green
1495,29,45,residential
1496,29,46,residential
1497,29,47,industrial
1498,29,48,urban
1499,29,49,urban
1500,30,0,green
1501,30,1,residential
1502,30,2,industrial
1503,30,3,urban
1504,30,4,residential
1505,30,5,green
1506,30,6,green
1507,30,7,industrial
1508,30,8,industrial
1509,30,9,green
1510,30,10,urban
1511,30,11,residential
1512,30,12,industrial
1513,30,13,residential
1514,30,14,residential
1515,30,15,green
1516,30,16,industrial
1517,30,17,green
1518,30,18,residential
1519,30,19,green
1520,30,20,industrial
1521,30,21,residential
1522,30,22,residential
1523,30,23,green
1524,30,24,green
1525,30,25,residential
1526,30,26,green
1527,30,27,urban
1528,30,28,urban
1529,30,29,residential
1530,30,30,industrial
1531,30,31,green
1532,30,32,industrial
1533,30,33,green
1534,30,34,industrial
1535,30,35,industrial
1536,30,36,residential
1537,30,37,residential
1538,30,38,urban
1539,30,39,industrial
1540,30,40,urban
1541,30,41,urban
1542,30,42,residential
1543,30,43,industrial
1544,30,44,residential
1545,30,45,green
1546,30,46,urban
1547,30,47,industrial
1548,30,48,industrial
1549,30,49,residential
1550,31,0,industrial
1551,31,1,residential
1552,31,2,urban
1553,31,3,urban
1554,31,4,green
1555,31,5,residential
1556,31,6,residential
1557,31,7,industrial
1558,31,8,green
1559,31,9,green
1560,31,10,industrial
1561,31,11,industrial
1562,31,12,green
1563,31,13,industrial
1564,31,14,green
1565,31,15,green
1566,31,16,green
1567,31,17,industrial
1568,31,18,urban
1569,31,19,industrial
1570,31,20,residential
1571,31,21,green
1572,31,22,industrial
1573,31,23,residential
1574,31,24,green
1575,31,25,industrial
1576,31,26,urban
1577,31,27,urban
1578,31,28,residential
1579,31,29,green
1580,31,30,green
1581,31,31,green
1582,31,32,urban
1583,31,33,green
1584,31,34,green
1585,31,35,urban
1586,31,36,green
1587,31,37,residential
1588,31,38,urban
1589,31,39,green
1590,31,40,green
1591,31,41,urban
1592,31,42,urban
1593,31,43,residential
1594,31,44,green
1595,31,45,green
1596,31,46,urban
1597,31,47,residential
1598,31,48,green
1599,31,49,industrial
1600,32,0,urban
1601,32,1,urban
1602,32,2,residential
1603,32,3,residential
1604,32,4,residential
1605,32,5,green
1606,32,6,urban
1607,32,7,urban
1608,32,8,green
1609,32,9,industrial
1610,32,10,green
1611,32,11,green
1612,32,12,industrial
1613,32,13,green
1614,32,14,residential
1615,32,15,residential
1616,32,16,industrial
1617,32,17,residential
1618,32,18,industrial
1619,32,19,industrial
1620,32,20,urban
1621,32,21,residential
1622,32,22,residential
1623,32,23,residential
1624,32,24,industrial
1625,32,25,residential
1626,32,26,green
1627,32,27,residential
1628,32,28,industrial
1629,32,29,industrial
1630,32,30,green
1631,32,31,green
1632,32,32,urban
1633,32,33,residential
1634,32,34,industrial
1635,32,35,green
1636,32,36,urban
1637,32,37,urban
1638,32,38,industrial
1639,32,39,industrial
1640,32,40,green
1641,32,41,industrial
1642,32,42,urban
1643,32,43,industrial
1644,32,44,residential
1645,32,45,industrial
1646,32,46,urban
1647,32,47,industrial
1648,32,48,green
1649,32,49,residential
1650,33,0,green
1651,33,1,residential
1652,33,2,industrial
1653,33,3,green
1654,33,4,residential
1655,33,5,urban
1656,33,6,residential
1657,33,7,urban
1658,33,8,residential
1659,33,9,industrial
1660,33,10,residential
1661,33,11,industrial
1662,33,12,industrial
1663,33,13,residential
1664,33,14,green
1665,33,15,urban
1666,33,16,industrial
1667,33,17,urban
1668,33,18,green
1669,33,19,green
1670,33,20,urban
1671,33,21,residential
1672,33,22,residential
1673,33,23,urban
1674,33,24,industrial
1675,33,25,industrial
1676,33,26,green
1677,33,27,residential
1678,33,28,green
1679,33,29,urban
1680,33,30,industrial
1681,33,31,green
1682,33,32,green
1683,33,33,industrial
1684,33,34,green
1685,33,35,residential
1686,33,36,urban
1687,33,37,residential
1688,33,38,urban
1689,33,39,green
1690,33,40,urban
1691,33,41,green
1692,33,42,green
1693,33,43,urban
1694,33,44,green
1695,33,45,urban
1696,33,46,industrial
1697,33,47,green
1698,33,48,green
1699,33,49,residential
1700,34,0,green
1701,34,1,green
1702,34,2,green
1703,34,3,urban
1704,34,4,green
1705,34,5,residential
1706,34,6,industrial
1707,34,7,residential
1708,34,8,industrial
1709,34,9,urban
1710,34,10,urban
1711,34,11,industrial
1712,34,12,green
1713,34,13,green
1714,34,14,residential
1715,34,15,residential
1716,34,16,residential
1717,34,17,industrial
1718,34,18,industrial
1719,34,19,urban
1720,34,20,green
1721,34,21,urban
1722,34,22,green
1723,34,23,residential
1724,34,24,urban
1725,34,25,residential
1726,34,26,residential
1727,34,27,urban
1728,34,28,residential
1729,34,29,industrial
1730,34,30,residential
1731,34,31,industrial
1732,34,32,residential
1733,34,33,green
1734,34,34,residential
1735,34,35,residential
1736,34,36,green
1737,34,37,green
1738,34,38,green
1739,34,39,green
1740,34,40,residential
1741,34,41,residential
1742,34,42,residential
1743,34,43,urban
1744,34,44,residential
1745,34,45,green
1746,34,46,industrial
1747,34,47,residential
1748,34,48,urban
1749,34,49,urban
1750,35,0,green
1751,35,1,industrial
1752,35,2,urban
1753,35,3,urban
1754,35,4,green
1755,35,5,green
1756,35,6,urban
1757,35,7,industrial
1758,35,8,urban
1759,35,9,urban
1760,35,10,green
1761,35,11,industrial
1762,35,12,urban
1763,35,13,residential
1764,35,14,residential
1765,35,15,industrial
1766,35,16,residential
1767,35,17,green
1768,35,18,urban
1769,35,19,residential
1770,35,20,urban
1771,35,21,residential
1772,35,22,residential
1773,35,23,green
1774,35,24,industrial
1775,35,25,industrial
1776,35,26,residential
1777,35,27,industrial
1778,35,28,green
1779,35,29,green
1780,35,30,residential
1781,35,31,residential
1782,35,32,industrial
1783,35,33,urban
1784,35,34,industrial
1785,35,35,urban
1786,35,36,urban
1787,35,37,green
1788,35,38,green
1789,35,39,green
1790,35,40,industrial
1791,35,41,residential
1792,35,42,industrial
1793,35,43,industrial
1794,35,44,residential
1795,35,45,green
1796,35,46,urban
1797,35,47,urban
1798,35,48,industrial
1799,35,49,industrial
1800,36,0,industrial
1801,36,1,green
1802,36,2,industrial
1803,36,3,residential
1804,36,4,green
1805,36,5,urban
1806,36,6,urban
1807,36,7,green
1808,36,8,industrial
1809,36,9,urban
1810,36,10,urban
1811,36,11,residential
1812,36,12,industrial
1813,36,13,green
1814,36,14,industrial
1815,36,15,green
1816,36,16,residential
1817,36,17,green
1818,36,18,industrial
1819,36,19,residential
1820,36,20,residential
1821,36,21,industrial
1822,36,22,residential
1823,36,23,industrial
1824,36,24,residential
1825,36,25,green
1826,36,26,industrial
1827,36,27,industrial
1828,36,28,industrial
1829,36,29,urban
1830,36,30,industrial
1831,36,31,green
1832,36,32,urban
1833,36,33,industrial
1834,36,34,residential
1835,36,35,industrial
1836,36,36,urban
1837,36,37,urban
1838,36,38,urban
1839,36,39,residential
1840,36,40,green
1841,36,41,urban
1842,36,42,green
1843,36,43,industrial
1844,36,44,residential
1845,36,45,urban
1846,36,46,green
1847,36,47,residential
1848,36,48,industrial
1849,36,49,urban
1850,37,0,residential
1851,37,1,green
1852,37,2,green
1853,37,3,industrial
1854,37,4,industrial
1855,37,5,green
1856,37,6,green
1857,37,7,urban
1858,37,8,urban
1859,37,9,industrial
1860,37,10,urban
1861,37,11,green
1862,37,12,residential
1863,37,13,industrial
1864,37,14,industrial
1865,37,15,residential
1866,37,16,green
1867,37,17,urban
1868,37,18,urban
1869,37,19,industrial
1870,37,20,residential
1871,37,21,urban
1872,37,22,urban
1873,37,23,industrial
1874,37,24,residential
1875,37,25,green
1876,37,26,urban
1877,37,27,residential
1878,37,28,residential
1879,37,29,industrial
1880,37,30,industrial
1881,37,31,residential
1882,37,32,green
1883,37,33,green
1884,37,34,urban
1885,37,35,residential
1886,37,36,industrial
1887,37,37,residential
1888,37,38,industrial
1889,37,39,industrial
1890,37,40,industrial
1891,37,41,industrial
1892,37,42,residential
1893,37,43,residential
1894,37,44,green
1895,37,45,industrial
1896,37,46,urban
1897,37,47,industrial
1898,37,48,green
1899,37,49,urban
1900,38,0,industrial
1901,38,1,industrial
1902,38,2,industrial
1903,38,3,green
1904,38,4,urban
1905,38,5,residential
1906,38,6,industrial
1907,38,7,green
1908,38,8,urban
1909,38,9,residential
1910,38,10,urban
1911,38,11,urban
1912,38,12,industrial
1913,38,13,residential
1914,38,14,urban
1915,38,15,green
1916,38,16,residential
1917,38,17,industrial
1918,38,18,residential
1919,38,19,urban
1920,38,20,green
1921,38,21,urban
1922,38,22,green
1923,38,23,residential
1924,38,24,urban
1925,38,25,residential
1926,38,26,industrial
1927,38,27,residential
1928,38,28,industrial
1929,38,29,residential
1930,38,30,industrial
1931,38,31,urban
1932,38,32,green
1933,38,33,urban
1934,38,34,industrial
1935,38,35,residential
1936,38,36,green
1937,38,37,residential
1938,38,38,industrial
1939,38,39,residential
1940,38,40,urban
1941,38,41,industrial
1942,38,42,green
1943,38,43,urban
1944,38,44,industrial
1945,38,45,industrial
1946,38,46,green
1947,38,47,residential
1948,38,48,industrial
1949,38,49,urban
1950,39,0,residential
1951,39,1,industrial
1952,39,2,residential
1953,39,3,residential
1954,39,4,residential
1955,39,5,urban
1956,39,6,urban
1957,39,7,residential
1958,39,8,residential
1959,39,9,industrial
1960,39,10,urban
1961,39,11,residential
1962,39,12,urban
1963,39,13,urban
1964,39,14,urban
1965,39,15,green
1966,39,16,residential
1967,39,17,residential
1968,39,18,urban
1969,39,19,residential
1970,39,20,industrial
1971,39,21,green
1972,39,22,urban
1973,39,23,green
1974,39,24,residential
1975,39,25,residential
1976,39,26,green
1977,39,27,urban
1978,39,28,residential
1979,39,29,urban
1980,39,30,residential
1981,39,31,industrial
1982,39,32,urban
1983,39,33,urban
1984,39,34,urban
1985,39,35,residential
1986,39,36,urban
1987,39,37,green
1988,39,38,industrial
1989,39,39,industrial
1990,39,40,residential
1991,39,41,green
1992,39,42,industrial
1993,39,43,urban
1994,39,44,green
1995,39,45,green
1996,39,46,urban
1997,39,47,industrial
1998,39,48,urban
1999,39,49,green
2000,40,0,residential
2001,40,1,industrial
2002,40,2,urban
2003,40,3,residential
2004,40,4,residential
2005,40,5,residential
2006,40,6,industrial
2007,40,7,industrial
2008,40,8,green
2009,40,9,industrial
2010,40,10,urban
2011,40,11,urban
2012,40,12,green
2013,40,13,residential
2014,40,14,green
2015,40,15,urban
2016,40,16,residential
2017,40,17,residential
2018,40,18,residential
2019,40,19,residential
2020,40,20,green
2021,40,21,industrial
2022,40,22,green
2023,40,23,green
2024,40,24,urban
2025,40,25,industrial
2026,40,26,green
2027,40,27,residential
2028,40,28,industrial
2029,40,29,residential
2030,40,30,residential
2031,40,31,residential
2032,40,32,green
2033,40,33,urban
2034,40,34,urban
2035,40,35,green
2036,40,36,urban
2037,40,37,industrial
2038,40,38,residential
2039,40,39,green
2040,40,40,urban
2041,40,41,green
2042,40,42,residential
2043,40,43,green
2044,40,44,urban
2045,40,45,urban
2046,40,46,residential
2047,40,47,industrial
2048,40,48,green
2049,40,49,green
2050,41,0,industrial
2051,41,1,industrial
2052,41,2,green
2053,41,3,green
2054,41,4,urban
2055,41,5,residential
2056,41,6,green
2057,41,7,green
2058,41,8,industrial
2059,41,9,industrial
2060,41,10,green
2061,41,11,residential
2062,41,12,residential
2063,41,13,industrial
2064,41,14,residential
2065,41,15,residential
2066,41,16,residential
2067,41,17,green
2068,41,18,industrial
2069,41,19,urban
2070,41,20,residential
2071,41,21,urban
2072,41,22,green
2073,41,23,green
2074,41,24,residential
2075,41,25,green
2076,41,26,green
2077,41,27,urban
2078,41,28,urban
2079,41,29,urban
2080,41,30,industrial
2081,41,31,residential
2082,41,32,green
2083,41,33,urban
2084,41,34,industrial
2085,41,35,residential
2086,41,36,urban
2087,41,37,urban
2088,41,38,urban
2089,41,39,urban
2090,41,40,urban
2091,41,41,industrial
2092,41,42,industrial
2093,41,43,industrial
2094,41,44,industrial
2095,41,45,urban
2096,41,46,green
2097,41,47,urban
2098,41,48,green
2099,41,49,industrial
2100,42,0,green
2101,42,1,industrial
2102,42,2,urban
2103,42,3,industrial
2104,42,4,urban
2105,42,5,residential
2106,42,6,industrial
2107,42,7,residential
2108,42,8,residential
2109,42,9,green
2110,42,10,industrial
2111,42,11,industrial
2112,42,12,green
2113,42,13,residential
2114,42,14,industrial
2115,42,15,green
2116,42,16,industrial
2117,42,17,green
2118,42,18,urban
2119,42,19,residential
2120,42,20,industrial
2121,42,21,residential
2122,42,22,residential
2123,42,23,residential
2124,42,24,urban
2125,42,25,green
2126,42,26,industrial
2127,42,27,industrial
2128,42,28,industrial
2129,42,29,residential
2130,42,30,green
2131,42,31,residential
2132,42,32,industrial
2133,42,33,urban
2134,42,34,industrial
2135,42,35,urban
2136,42,36,green
2137,42,37,industrial
2138,42,38,urban
2139,42,39,urban
2140,42,40,industrial
2141,42,41,residential
2142,42,42,industrial
2143,42,43,residential
2144,42,44,residential
2145,42,45,green
2146,42,46,urban
2147,42,47,urban
2148,42,48,residential
2149,42,49,residential
2150,43,0,residential
2151,43,1,industrial
2152,43,2,residential
2153,43,3,industrial
2154,43,4,residential
2155,43,5,industrial
2156,43,6,residential
2157,43,7,urban
2158,43,8,urban
2159,43,9,residential
2160,43,10,industrial
2161,43,11,industrial
2162,43,12,urban
2163,43,13,green
2164,43,14,green
2165,43,15,residential
2166,43,16,residential
2167,43,17,green
2168,43,18,urban
2169,43,19,industrial
2170,43,20,green
2171,43,21,green
2172,43,22,industrial
2173,43,23,urban
2174,43,24,industrial
2175,43,25,residential
2176,43,26,urban
2177,43,27,green
2178,43,28,residential
2179,43,29,industrial
2180,43,30,green
2181,43,31,urban
2182,43,32,industrial
2183,43,33,urban
2184,43,34,residential
2185,43,35,residential
2186,43,36,green
2187,43,37,residential
2188,43,38,green
2189,43,39,urban
2190,43,40,green
2191,43,41,industrial
2192,43,42,residential
2193,43,43,green
2194,43,44,urban
2195,43,45,urban
2196,43,46,green
2197,43,47,residential
2198,43,48,residential
2199,43,49,residential
2200,44,0,industrial
2201,44,1,urban
2202,44,2,industrial
2203,44,3,urban
2204,44,4,industrial
2205,44,5,residential
2206,44,6,residential
2207,44,7,urban
2208,44,8,urban
2209,44,9,residential
2210,44,10,industrial
2211,44,11,green
2212,44,12,industrial
2213,44,13,residential
2214,44,14,green
2215,44,15,urban
2216,44,16,green
2217,44,17,urban
2218,44,18,residential
2219,44,19,green
2220,44,20,urban
2221,44,21,residential
2222,44,22,residential
2223,44,23,urban
2224,44,24,urban
2225,44,25,industrial
2226,44,26,urban
2227,44,27,urban
2228,44,28,green
2229,44,29,urban
2230,44,30,industrial
2231,44,31,residential
2232,44,32,green
2233,44,33,industrial
2234,44,34,green
2235,44,35,urban
2236,44,36,industrial
2237,44,37,industrial
2238,44,38,industrial
2239,44,39,green
2240,44,40,urban
2241,44,41,urban
2242,44,42,residential
2243,44,43,green
2244,44,44,urban
2245,44,45,industrial
2246,44,46,industrial
2247,44,47,green
2248,44,48,industrial
2249,44,49,residential
2250,45,0,residential
2251,45,1,green
2252,45,2,residential
2253,45,3,residential
2254,45,4,industrial
2255,45,5,residential
2256,45,6,urban
2257,45,7,green
2258,45,8,residential
2259,45,9,urban
2260,45,10,industrial
2261,45,11,green
2262,45,12,residential
2263,45,13,green
2264,45,14,industrial
2265,45,15,urban
2266,45,16,urban
2267,45,17,industrial
2268,45,18,green
2269,45,19,green
2270,45,20,residential
2271,45,21,industrial
2272,45,22,urban
2273,45,23,urban
2274,45,24,industrial
2275,45,25,residential
2276,45,26,residential
2277,45,27,urban
2278,45,28,urban
2279,45,29,industrial
2280,45,30,urban
2281,45,31,residential
2282,45,32,industrial
2283,45,33,industrial
2284,45,34,industrial
2285,45,35,urban
2286,45,36,green
2287,45,37,residential
2288,45,38,green
2289,45,39,industrial
2290,45,40,green
2291,45,41,residential
2292,45,42,industrial
2293,45,43,green
2294,45,44,industrial
2295,45,45,urban
2296,45,46,urban
2297,45,47,green
2298,45,48,industrial
2299,45,49,industrial
2300,46,0,industrial
2301,46,1,green
2302,46,2,residential
2303,46,3,green
2304,46,4,residential
2305,46,5,residential
2306,46,6,green
2307,46,7,industrial
2308,46,8,industrial
2309,46,9,urban
2310,46,10,industrial
2311,46,11,green
2312,46,12,urban
2313,46,13,green
2314,46,14,urban
2315,46,15,green
2316,46,16,residential
2317,46,17,urban
2318,46,18,industrial
2319,46,19,urban
2320,46,20,green
2321,46,21,industrial
2322,46,22,residential
2323,46,23,industrial
2324,46,24,residential
2325,46,25,residential
2326,46,26,green
2327,46,27,urban
2328,46,28,industrial
2329,46,29,green
2330,46,30,urban
2331,46,31,industrial
2332,46,32,green
2333,46,33,urban
2334,46,34,industrial
2335,46,35,industrial
2336,46,36,green
2337,46,37,green
2338,46,38,green
2339,46,39,residential
2340,46,40,urban
2341,46,41,residential
2342,46,42,green
2343,46,43,green
2344,46,44,urban
2345,46,45,residential
2346,46,46,urban
2347,46,47,residential
2348,46,48,residential
2349,46,49,green
2350,47,0,residential
2351,47,1,green
2352,47,2,green
2353,47,3,industrial
2354,47,4,green
2355,47,5,green
2356,47,6,green
2357,47,7,industrial
2358,47,8,industrial
2359,47,9,residential
2360,47,10,green
2361,47,11,green
2362,47,12,industrial
2363,47,13,urban
2364,47,14,industrial
2365,47,15,urban
2366,47,16,residential
2367,47,17,green
2368,47,18,urban
2369,47,19,green
2370,47,20,residential
2371,47,21,residential
2372,47,22,residential
2373,47,23,industrial
2374,47,24,residential
2375,47,25,urban
2376,47,26,industrial
2377,47,27,green
2378,47,28,industrial
2379,47,29,green
2380,47,30,industrial
2381,47,31,urban
2382,47,32,residential
2383,47,33,green
2384,47,34,industrial
2385,47,35,residential
2386,47,36,residential
2387,47,37,residential
2388,47,38,urban
2389,47,39,green
2390,47,40,green
2391,47,41,residential
2392,47,42,urban
2393,47,43,industrial
2394,47,44,green
2395,47,45,residential
2396,47,46,urban
2397,47,47,urban
2398,47,48,green
2399,47,49,urban
2400,48,0,residential
2401,48,1,green
2402,48,2,industrial
2403,48,3,industrial
2404,48,4,urban
2405,48,5,residential
2406,48,6,industrial
2407,48,7,industrial
2408,48,8,green
2409,48,9,industrial
2410,48,10,green
2411,48,11,residential
2412,48,12,urban
2413,48,13,industrial
2414,48,14,industrial
2415,48,15,residential
2416,48,16,residential
2417,48,17,residential
2418,48,18,green
2419,48,19,green
2420,48,20,industrial
2421,48,21,residential
2422,48,22,urban
2423,48,23,residential
2424,48,24,residential
2425,48,25,urban
2426,48,26,industrial
2427,48,27,residential
2428,48,28,urban
2429,48,29,industrial
2430,48,30,urban
2431,48,31,residential
2432,48,32,urban
2433,48,33,industrial
2434,48,34,industrial
2435,48,35,industrial
2436,48,36,industrial
2437,48,37,industrial
2438,48,38,industrial
2439,48,39,urban
2440,48,40,residential
2441,48,41,industrial
2442,48,42,urban
2443,48,43,industrial
2444,48,44,industrial
2445,48,45,residential
2446,48,46,residential
2447,48,47,residential
2448,48,48,urban
2449,48,49,green
2450,49,0,green
2451,49,1,urban
2452,49,2,green
2453,49,3,green
2454,49,4,industrial
2455,49,5,urban
2456,49,6,industrial
2457,49,7,residential
2458,49,8,residential
2459,49,9,industrial
2460,49,10,green
2461,49,11,residential
2462,49,12,green
2463,49,13,industrial
2464,49,14,residential
2465,49,15,green
2466,49,16,urban
2467,49,17,urban
2468,49,18,green
2469,49,19,green
2470,49,20,industrial
2471,49,21,urban
2472,49,22,industrial
2473,49,23,urban
2474,49,24,industrial
2475,49,25,green
2476,49,26,urban
2477,49,27,industrial
2478,49,28,green
2479,49,29,industrial
2480,49,30,industrial
2481,49,31,industrial
2482,49,32,green
2483,49,33,residential
2484,49,34,green
2485,49,35,residential
2486,49,36,green
2487,49,37,residential
2488,49,38,residential
2489,49,39,green
2490,49,40,industrial
2491,49,41,urban
2492,49,42,urban
2493,49,43,urban
2494,49,44,industrial
2495,49,45,green
2496,49,46,residential
2497,49,47,residential
2498,49,48,industrial
2499,49,49,residential
